Alisa Bednar,(960)267-5907 x838,
Carissa Weissnat,416-813-0151 x5334,
Claudine Bayer DDS,248-633-1812 x5100,666.897.5020
Donato Kling,(089)578-6180,
Donato Kling,000.337.5625,
Donato Klington,(988)248-1330 x6872,
Lee Deckow,799.981.5841 x04340,772.500.0008
Lee Deckow,562.363.0403 x6254,(757)355-4925
Mariana Paucek,(168)691-7671 x2325,1-114-848-5395
Maximillian Ratke,(903)977-7647,
Mohammad Rodriguez,1-159-353-4245 x2773,1-888-231-5374
Mr. Cloyd Murray,(774)723-0051,102.421.8201
Neva Wiza,(203)081-3085 x3513,
Neva Wiza,(809)029-9489 x4356,
Neva Wizaa,373-555-1215,399.069.5202
Samir Pfannerstill I,(691)700-9394,(857)270-0093
Samir Pfannerstill II,(509)356-6226 x599,(250)430-6736
Talon Wolff,1-699-410-9383 x004,367.033.4857
Vallie Witting DVM,241-827-6278,
Zita Keebler,730-082-8686,158.293.3250
